customer_id,age,gender,region,total_revenue,churn_probability,predicted_churn,risk_category
AA-10315,60,Male,Central,5563.56,0.30026828492305235,0,Medium Risk
AA-10375,28,Male,West,1056.39,0.07562564610188961,0,Low Risk
AA-10480,36,Female,South,5371.536,0.41930434058271615,0,Medium Risk
AA-10645,33,Male,East,5086.9349999999995,0.2699428733519065,0,Low Risk
AB-10015,71,Female,West,886.156,0.37835679523047927,0,Medium Risk
AB-10060,18,Male,East,7755.62,0.18940186438988746,0,Low Risk
AB-10105,51,Male,West,14473.570999999998,0.12041254703425738,0,Low Risk
AB-10150,58,Female,East,1933.42,0.309245201042784,0,Medium Risk
AB-10165,35,Male,West,1113.838,0.10284730431291585,0,Low Risk
AB-10255,35,Male,East,914.5319999999999,0.0933465639705288,0,Low Risk
AB-10600,35,Female,West,1515.862,0.33774200796357484,0,Medium Risk
AC-10420,38,Female,West,925.8,0.42714721741829675,0,Medium Risk
AC-10450,49,Male,Central,5527.846,0.22675681075346288,0,Low Risk
AC-10615,54,Male,East,2537.6859999999997,0.3027968210176485,0,Medium Risk
AC-10660,55,Female,Central,1314.632,0.3145654208725346,0,Medium Risk
AD-10180,44,Male,Central,6106.88,0.18077790109068292,0,Low Risk
AF-10870,31,Female,Central,2052.908,0.20909324046986574,0,Low Risk
AF-10885,55,Female,South,1723.1299999999999,0.3312790348534849,0,Medium Risk
AG-10270,40,Female,West,2582.898,0.27261812167919625,0,Low Risk
AG-10300,53,Female,West,367.548,0.3120803969144612,0,Medium Risk
AG-10330,37,Male,West,660.972,0.2580332558065013,0,Low Risk
AG-10390,65,Male,East,200.945,0.28330698162080825,0,Low Risk
AG-10495,58,Female,East,2356.855,0.12085617705501699,0,Low Risk
AG-10525,36,Female,South,1455.038,0.3566447589548992,0,Medium Risk
AG-10675,63,Male,Central,3489.0396000000005,0.16760760408171602,0,Low Risk
AG-10765,45,Male,East,170.584,0.4037340669206205,0,Medium Risk
AG-10900,37,Female,West,4510.797,0.052600821618859414,0,Low Risk
AH-10030,57,Male,East,1744.7,0.16621900913677254,0,Low Risk
AH-10075,26,Female,East,3250.337,0.0705537418682372,0,Low Risk
AH-10120,54,Female,West,1735.5140000000001,0.12925059112676227,0,Low Risk
AH-10195,36,Male,South,1587.452,0.357995651774674,0,Medium Risk
AH-10210,25,Female,West,4805.344,0.09225722606883299,0,Low Risk
AH-10465,32,Female,East,2495.3916,0.31004685242062313,0,Medium Risk
AH-10585,50,Female,Central,738.504,0.4103781930052649,0,Medium Risk
AH-10690,67,Female,East,7888.294,0.03427745439922779,0,Low Risk
AI-10855,46,Male,East,4375.786,0.0697155102940342,0,Low Risk
AJ-10780,43,Male,South,19469.376,0.1764512475644056,0,Low Risk
AJ-10795,47,Female,South,4501.391,0.1737165976553425,0,Low Risk
AJ-10945,31,Female,South,3678.48,0.18236717736914745,0,Low Risk
AJ-10960,62,Female,East,1258.4959999999999,0.4584433977355194,0,Medium Risk
AM-10360,37,Male,Central,814.012,0.3447037159423152,0,Medium Risk
AM-10705,47,Female,South,16992.066,0.18318591616879135,0,Low Risk
AO-10810,45,Male,West,161.28,0.6024960162156869,1,Medium Risk
AP-10720,45,Male,East,1638.554,0.12746029246883922,0,Low Risk
AP-10915,37,Male,South,3323.556,0.060170556266632425,0,Low Risk
AR-10345,70,Female,East,2111.388,0.3431203603358599,0,Medium Risk
AR-10405,41,Male,East,6708.384,0.30166365229630376,0,Medium Risk
AR-10510,54,Female,East,264.86400000000003,0.29377582075912106,0,Low Risk
AR-10540,38,Male,East,6608.448,0.34097276680232363,0,Medium Risk
AR-10570,54,Male,South,264.45,0.6130914384653839,1,Medium Risk
AR-10825,62,Female,West,4523.336,0.09427442871636367,0,Low Risk
AS-10045,44,Female,South,6101.384,0.14570603762050305,0,Low Risk
AS-10090,65,Female,South,3255.31,0.06924804960289643,0,Low Risk
AS-10135,55,Male,East,58.82,0.5564869874051139,1,Medium Risk
AS-10225,64,Male,East,4260.784,0.3061219492256218,0,Medium Risk
AS-10240,24,Male,South,584.6080000000001,0.1664608442062489,0,Low Risk
AS-10285,43,Female,West,3214.236,0.19937891498683322,0,Low Risk
AS-10630,54,Female,Central,1666.796,0.1862195984152203,0,Low Risk
AT-10435,46,Male,West,1171.814,0.18749512882007693,0,Low Risk
AT-10735,47,Male,West,3831.864,0.054406045494309004,0,Low Risk
AW-10840,40,Male,Central,649.376,0.4279253924260042,0,Medium Risk
AW-10930,55,Female,Central,5705.936,0.18025818327915216,0,Low Risk
AY-10555,55,Female,West,994.028,0.3170220077134468,0,Medium Risk
AZ-10750,41,Male,East,1622.0179999999998,0.23617478521702212,0,Low Risk
BB-10990,60,Male,West,744.3399999999999,0.23377189621171396,0,Low Risk
BB-11545,35,Female,Central,6765.728,0.12266600816513851,0,Low Risk
BC-11125,57,Female,West,5867.352,0.06940108293366949,0,Low Risk
BD-11320,31,Female,West,5718.521,0.029435729992042848,0,Low Risk
BD-11500,40,Male,Central,4411.2429999999995,0.29976772650875033,0,Low Risk
BD-11560,39,Female,West,320.54,0.5103957636671328,1,Medium Risk
BD-11605,39,Male,East,6576.942,0.20983339328003503,0,Low Risk
BD-11620,51,Female,West,1538.11,0.18424828482930852,0,Low Risk
BD-11635,33,Female,South,1165.292,0.46770777788264606,0,Medium Risk
BD-11725,54,Male,South,4579.5,0.2237442222542293,0,Low Risk
BD-11770,27,Male,Central,658.466,0.2731882366551451,0,Low Risk
BE-11335,31,Female,Central,12614.028,0.5457975348144894,1,Medium Risk
BE-11410,64,Male,East,6784.314,0.3777486861801161,0,Medium Risk
BE-11455,26,Male,Central,1727.652,0.2771834423158849,0,Low Risk
BF-10975,65,Female,South,599.798,0.13833262097050897,0,Low Risk
BF-11005,46,Female,West,2667.76,0.3037470209728646,0,Medium Risk
BF-11020,75,Female,Central,2888.506,0.12552364941688904,0,Low Risk
BF-11080,61,Female,East,272.95,0.45318234578036404,0,Medium Risk
BF-11170,36,Female,West,5907.972,0.04522531712623734,0,Low Risk
BF-11215,47,Male,West,1585.162,0.3397254843632128,0,Medium Risk
BF-11275,26,Male,West,791.9899999999999,0.4390299015284506,0,Medium Risk
BG-11035,47,Male,South,5597.896,0.08649129021052315,0,Low Risk
BG-11695,42,Male,East,1874.172,0.23561462567399086,0,Low Risk
BG-11740,41,Female,East,1006.356,0.23443666266129926,0,Low Risk
BH-11710,53,Male,West,6255.351,0.10740189668099881,0,Low Risk
BK-11260,61,Female,East,659.1379999999999,0.21386529658585554,0,Low Risk
BM-11140,55,Male,Central,11789.63,0.3513490283459903,0,Medium Risk
BM-11575,36,Female,East,808.162,0.24182382126989213,0,Low Risk
BM-11650,43,Male,East,7294.185,0.06286651606823226,0,Low Risk
BM-11785,56,Male,East,4016.5260000000003,0.0633466654254123,0,Low Risk
BN-11470,36,Male,South,265.296,0.36401485802938377,0,Medium Risk
BN-11515,48,Male,West,1459.344,0.2510704521608934,0,Low Risk
BO-11350,66,Female,West,2682.728,0.23983538311304606,0,Low Risk
BO-11425,43,Female,South,392.49,0.5378780419798566,1,Medium Risk
BP-11050,54,Male,East,983.42,0.298331520586759,0,Low Risk
BP-11095,54,Female,Central,4884.088,0.037106244208371796,0,Low Risk
BP-11155,54,Female,South,5093.5830000000005,0.256039659313908,0,Low Risk
BP-11185,35,Female,West,3675.861,0.07646677261684587,0,Low Risk
BP-11230,65,Male,West,1181.49,0.21951353535834633,0,Low Risk
BP-11290,35,Female,Central,2475.157,0.1919245818800475,0,Low Risk
BS-11365,45,Female,East,10501.653,0.4119605257621798,0,Medium Risk
BS-11380,46,Female,Central,3887.834,0.33660044921144394,0,Medium Risk
BS-11590,28,Female,West,2454.928,0.21456651252278136,0,Low Risk
BS-11665,44,Male,East,3288.1099999999997,0.4984749752299963,0,Medium Risk
BS-11755,50,Female,West,2562.382,0.12843263786798503,0,Low Risk
BS-11800,60,Female,East,949.4300000000001,0.55411033422561,1,Medium Risk
BT-11305,42,Male,West,2567.656,0.2637780516570271,0,Low Risk
BT-11395,48,Female,Central,2186.6130000000003,0.25692061870418514,0,Low Risk
BT-11440,38,Male,West,603.876,0.3295587126129208,0,Medium Risk
BT-11485,39,Female,East,415.19599999999997,0.5823980578050459,1,Medium Risk
BT-11530,38,Female,West,2684.4919999999997,0.2683327195609929,0,Low Risk
BT-11680,26,Male,East,6393.504,0.2110073193617412,0,Low Risk
BV-11245,54,Male,Central,3046.546,0.34128803542773894,0,Medium Risk
BW-11065,31,Male,South,385.516,0.46133618767641926,0,Medium Risk
BW-11110,61,Male,Central,4750.358,0.14667574134724853,0,Low Risk
BW-11200,18,Male,South,1738.406,0.2354655210487037,0,Low Risk
CA-11965,54,Female,South,3789.7228,0.228237394010596,0,Low Risk
CA-12055,59,Female,Central,1679.7240000000002,0.3259220734809805,0,Medium Risk
CA-12265,46,Female,Central,2648.2872,0.10121283026274958,0,Low Risk
CA-12310,45,Male,East,1421.954,0.3974685639305658,0,Medium Risk
CA-12775,23,Female,South,3041.566,0.17194836680926523,0,Low Risk
CB-12025,44,Male,East,6076.139,0.0643132194531969,0,Low Risk
CB-12415,30,Female,East,5847.6,0.1561330401823487,0,Low Risk
CB-12535,51,Female,South,4246.4555,0.12021993752572754,0,Low Risk
CC-12100,46,Male,Central,5312.835,0.27946591971070267,0,Low Risk
CC-12145,35,Male,West,2471.65,0.14761781944594748,0,Low Risk
CC-12220,29,Female,Central,7826.836,0.04212003880969032,0,Low Risk
CC-12370,47,Female,South,24258.144000000004,0.48277225722980827,0,Medium Risk
CC-12430,18,Female,Central,8610.15,0.09787102550476003,0,Low Risk
CC-12475,18,Female,East,1659.438,0.10151451918650507,0,Low Risk
CC-12550,52,Female,West,113.832,0.40248120974608986,0,Medium Risk
CC-12610,35,Female,East,2540.631,0.18969607153584422,0,Low Risk
CC-12670,68,Female,East,2269.7015,0.15644421610615494,0,Low Risk
CC-12685,40,Male,South,2854.1150000000002,0.4004606394133517,0,Medium Risk
CD-11920,52,Female,West,2033.968,0.2511080086696497,0,Low Risk
CD-11980,31,Female,Central,639.766,0.5345641836468072,1,Medium Risk
CD-12280,40,Female,West,1205.584,0.5199579066266853,1,Medium Risk
CD-12790,62,Female,West,1860.732,0.23880648017405687,0,Low Risk
CG-12040,24,Male,East,904.4680000000001,0.2541429667680337,0,Low Risk
CG-12520,29,Male,South,2297.56,0.48359729904191756,0,Medium Risk
CH-12070,65,Male,South,1537.236,0.4242010773572292,0,Medium Risk
CJ-11875,54,Female,East,16.52,0.6534835504698204,1,Medium Risk
CJ-12010,26,Male,West,11164.974,0.12741423079410993,0,Low Risk
CK-12205,30,Female,East,3154.855,0.023037513723569773,0,Low Risk
CK-12325,30,Male,West,2945.321,0.2762708416748388,0,Low Risk
CK-12595,75,Female,East,2372.75,0.03945791166335782,0,Low Risk
CK-12760,44,Female,East,1582.109,0.08207943645565412,0,Low Risk
CL-11890,41,Male,East,2524.0280000000002,0.41938925628551743,0,Medium Risk
CL-12565,43,Male,Central,10880.546,0.04836026837783112,0,Low Risk
CL-12700,53,Female,Central,9414.344000000001,0.3666509365703204,0,Medium Risk
CM-11815,56,Female,Central,3347.776,0.25334823832657316,0,Low Risk
CM-11935,39,Male,South,1130.784,0.5442879964085982,1,Medium Risk
CM-12115,51,Male,East,1661.6100000000001,0.3928371849315618,0,Medium Risk
CM-12160,50,Male,Central,2533.314,0.2372403224454984,0,Low Risk
CM-12190,57,Female,East,1475.144,0.21597492304997948,0,Low Risk
CM-12235,36,Male,Central,2305.712,0.35288977244300246,0,Medium Risk
CM-12385,45,Male,South,8954.019999999999,0.5286716175764963,1,Medium Risk
CM-12445,67,Male,West,287.99,0.3814018708154204,0,Medium Risk
CM-12655,60,Female,West,6339.5576,0.2158311063732892,0,Low Risk
CM-12715,36,Male,Central,7968.904799999999,0.46352116350770695,0,Medium Risk
CP-12085,39,Female,East,5402.254,0.13547963114494616,0,Low Risk
CP-12340,38,Male,East,5888.275,0.09794633861922315,0,Low Risk
CR-12580,34,Male,Central,2148.852,0.4373463912617045,0,Medium Risk
CR-12625,48,Male,East,1427.7,0.4878730018602385,0,Medium Risk
CR-12730,60,Female,East,4801.65,0.4187910063916975,0,Medium Risk
CR-12820,28,Male,East,1397.8724,0.5070359429968229,1,Medium Risk
CS-11845,23,Female,West,1278.954,0.28169225953591087,0,Low Risk
CS-11860,53,Female,South,1075.264,0.20288320067330148,0,Low Risk
CS-11950,26,Male,Central,3036.547,0.05303353868319995,0,Low Risk
CS-12130,40,Male,West,884.64,0.3374548901713629,0,Medium Risk
CS-12175,18,Female,South,3377.8320000000003,0.3204807828907842,0,Medium Risk
CS-12250,39,Male,South,2754.216,0.029189917953380724,0,Low Risk
CS-12355,39,Female,South,3202.1620000000003,0.04302574620456127,0,Low Risk
CS-12400,30,Female,Central,3651.8585000000003,0.10033719515394132,0,Low Risk
CS-12460,62,Female,South,1651.9320000000002,0.5298575787483097,1,Medium Risk
CS-12490,54,Male,Central,1077.2285,0.3966455513925836,0,Medium Risk
CS-12505,40,Male,South,5690.054999999999,0.07764562711683518,0,Low Risk
CT-11995,38,Female,Central,6483.796,0.15045145703931634,0,Low Risk
CV-12295,47,Male,West,2830.6279999999997,0.26037700436732236,0,Low Risk
CV-12805,42,Female,East,2370.3136,0.09112285381099179,0,Low Risk
CW-11905,21,Male,Central,2273.184,0.30125724209758986,0,Medium Risk
CY-12745,51,Female,West,2900.026,0.09434374333140852,0,Low Risk
Co-12640,27,Male,East,1300.076,0.3337565561964043,0,Medium Risk
DA-13450,34,Female,Central,156.76,0.4301846307443875,0,Medium Risk
DB-12910,55,Female,South,2171.599,0.10839003944269837,0,Low Risk
DB-12970,32,Male,West,2839.2272,0.27138524806668274,0,Low Risk
DB-13060,47,Female,West,4531.646,0.14435934977707324,0,Low Risk
DB-13120,34,Female,West,2973.094,0.11348116805766006,0,Low Risk
DB-13210,31,Female,Central,2332.577,0.07560134458214002,0,Low Risk
DB-13270,46,Female,West,4655.897,0.11103180722370865,0,Low Risk
DB-13360,42,Male,East,1081.466,0.31289465357268004,0,Medium Risk
DB-13405,43,Female,Central,3423.384,0.4542806244011438,0,Medium Risk
DB-13555,61,Female,South,7817.6056,0.14673983510873814,0,Low Risk
DB-13615,20,Female,West,1989.05,0.1604253707717208,0,Low Risk
DB-13660,32,Female,East,2310.404,0.1882510175888197,0,Low Risk
DC-12850,41,Female,South,10008.504,0.039438055588203,0,Low Risk
DC-13285,58,Female,Central,1174.618,0.31481233852768037,0,Medium Risk
DD-13570,38,Female,Central,269.542,0.26067771265113043,0,Low Risk
DE-13255,59,Female,East,10203.496,0.3664850328148894,0,Medium Risk
DF-13135,65,Male,West,2390.534,0.383884367617019,0,Medium Risk
DG-13300,36,Female,East,3195.818,0.3334261959911213,0,Medium Risk
DH-13075,37,Female,South,14798.616,0.34620716774682436,0,Medium Risk
DH-13675,33,Female,East,2086.192,0.4132996189156975,0,Medium Risk
DJ-13420,57,Female,South,2012.52,0.3512760026952847,0,Medium Risk
DJ-13510,43,Female,South,2501.6879999999996,0.11180307746829009,0,Low Risk
DJ-13630,18,Female,East,3356.398,0.54768003746571,1,Medium Risk
DK-12835,23,Female,West,3256.48,0.02981400251093481,0,Low Risk
DK-12895,36,Female,Central,4282.176,0.3777512145446085,0,Medium Risk
DK-12985,35,Female,South,3374.08,0.28022172209038543,0,Low Risk
DK-13090,33,Female,West,2650.557,0.1534164478153825,0,Low Risk
DK-13150,46,Female,Central,1595.664,0.6224224440544379,1,Medium Risk
DK-13225,44,Male,East,4802.394,0.09201959340237785,0,Low Risk
DK-13375,43,Female,East,6636.972,0.13998430368184472,0,Low Risk
DL-12865,26,Female,East,1503.112,0.13920550665503784,0,Low Risk
DL-12925,44,Female,West,6544.4,0.18491933278464961,0,Low Risk
DL-13315,65,Male,East,1458.258,0.11604625211354322,0,Low Risk
DL-13330,51,Female,West,585.02,0.31959150850761914,0,Medium Risk
DL-13495,52,Female,West,3539.322,0.08986745382739422,0,Low Risk
DM-12955,63,Female,Central,1322.034,0.17377544888606836,0,Low Risk
DM-13015,36,Male,West,6345.103,0.18543244363371053,0,Low Risk
DM-13345,26,Female,South,4074.4719999999998,0.1429595844488236,0,Low Risk
DM-13525,55,Female,Central,1376.792,0.5090483918040789,1,Medium Risk
DN-13690,42,Male,West,2139.79,0.14469863164331745,0,Low Risk
DO-13435,54,Female,South,1300.0315,0.07134558439681488,0,Low Risk
DO-13645,30,Female,West,1267.316,0.14781494707346174,0,Low Risk
DP-13000,51,Female,Central,1050.636,0.09769441990961354,0,Low Risk
DP-13105,48,Female,West,2215.002,0.10164954072613205,0,Low Risk
DP-13165,60,Female,East,1058.616,0.5519351177836765,1,Medium Risk
DP-13390,59,Male,Central,10961.447999999999,0.1546341789315422,0,Low Risk
DR-12880,40,Male,Central,6528.034000000001,0.13057924419465153,0,Low Risk
DR-12940,48,Male,East,25052.604,0.4180905641809027,0,Medium Risk
DS-13030,68,Male,West,1762.213,0.3046451418850452,0,Medium Risk
DS-13180,49,Female,Central,2881.8128,0.0973473405617915,0,Low Risk
DV-13045,48,Male,West,1119.483,0.23223214561682237,0,Low Risk
DV-13465,37,Male,West,3341.587,0.20103957465449676,0,Low Risk
DW-13195,51,Female,Central,1080.751,0.24394166073777288,0,Low Risk
DW-13480,37,Male,Central,5271.628,0.39507188826735323,0,Medium Risk
DW-13540,59,Male,West,344.08,0.23637264632686733,0,Low Risk
DW-13585,50,Female,East,3614.562,0.14814420284469296,0,Low Risk
Dl-13600,40,Male,Central,1511.204,0.35353518603819106,0,Medium Risk
Dp-13240,31,Female,West,14397.522,0.042347834251245685,0,Low Risk
EA-14035,46,Male,South,2846.705,0.017871723342819355,0,Low Risk
EB-13705,65,Female,East,3644.978,0.08072563482694924,0,Low Risk
EB-13750,33,Male,West,3236.314,0.04963284180237324,0,Low Risk
EB-13840,72,Female,West,4358.128,0.24275111446965478,0,Low Risk
EB-13870,18,Female,West,2767.219,0.05829689001858317,0,Low Risk
EB-13930,30,Male,West,944.6000000000001,0.26348728393316306,0,Low Risk
EB-13975,52,Female,West,4929.765,0.3475766626585257,0,Medium Risk
EB-14110,33,Male,East,3071.126,0.2510879178055915,0,Low Risk
EB-14170,59,Female,South,2372.652,0.20888609455392862,0,Low Risk
EC-14050,60,Female,East,461.914,0.2841134551592563,0,Low Risk
ED-13885,51,Female,West,3484.92,0.10524280476466802,0,Low Risk
EG-13900,47,Female,East,3664.04,0.3117703345677698,0,Medium Risk
EH-13765,37,Male,East,10310.880000000001,0.04008207515605996,0,Low Risk
EH-13945,58,Male,West,684.1709999999999,0.0918205174495955,0,Low Risk
EH-13990,18,Male,South,825.9499999999999,0.22814164132305037,0,Low Risk
EH-14005,55,Male,West,1219.53,0.12587490215798108,0,Low Risk
EH-14125,54,Female,Central,6165.306,0.06954261585376909,0,Low Risk
EH-14185,35,Female,South,1847.768,0.23200901232699386,0,Low Risk
EJ-13720,30,Male,West,2162.174,0.3625428154003694,0,Medium Risk
EJ-14155,52,Male,South,2656.691,0.27648043954582097,0,Low Risk
EK-13795,38,Female,West,1303.478,0.3332556093415268,0,Medium Risk
EL-13735,45,Female,East,497.12,0.5701588021878059,1,Medium Risk
EM-13810,20,Female,West,2567.0099999999998,0.26973092729368636,0,Low Risk
EM-13825,42,Female,Central,2339.598,0.14947051954562954,0,Low Risk
EM-13960,31,Male,East,933.704,0.3256431530555782,0,Medium Risk
EM-14065,66,Male,East,228.99,0.3673381994419258,0,Medium Risk
EM-14095,58,Male,West,1041.0420000000001,0.3155204272801454,0,Medium Risk
EM-14140,36,Female,West,4588.436000000001,0.2290672489588495,0,Low Risk
EM-14200,21,Female,South,366.822,0.472915085219478,0,Medium Risk
EN-13780,47,Male,East,2199.366,0.4029974484905951,0,Medium Risk
EP-13915,55,Female,Central,5478.0608,0.005056557387185497,0,Low Risk
ER-13855,37,Male,Central,1245.788,0.5170377664785701,1,Medium Risk
ES-14020,57,Male,West,3510.4579999999996,0.2724869971602528,0,Low Risk
ES-14080,30,Male,South,4657.924,0.08804003650342464,0,Low Risk
FA-14230,29,Female,West,5968.108,0.17474086871762026,0,Low Risk
FC-14245,59,Male,East,10256.226,0.2720367195470922,0,Low Risk
FC-14335,31,Female,Central,3889.366,0.22165059459687683,0,Low Risk
FG-14260,44,Female,West,1383.144,0.1418137855371835,0,Low Risk
FH-14275,33,Female,Central,8512.544,0.10558896076196878,0,Low Risk
FH-14350,34,Male,West,2271.284,0.366589564134235,0,Medium Risk
FH-14365,31,Female,East,6987.196,0.18084030772707438,0,Low Risk
FM-14215,45,Female,East,4913.276,0.06626568986894515,0,Low Risk
FM-14290,41,Female,West,3736.198,0.07178365745896853,0,Low Risk
FM-14380,51,Male,West,5046.532,0.07102918865321227,0,Low Risk
FO-14305,31,Female,East,2678.438,0.06884539869772151,0,Low Risk
FP-14320,40,Male,West,4046.746,0.10496380073679877,0,Low Risk
FW-14395,55,Male,South,159.5,0.42152321860442343,0,Medium Risk
GA-14515,64,Male,West,3919.7760000000003,0.09869728732526059,0,Low Risk
GA-14725,57,Male,East,1398.382,0.040809624459711195,0,Low Risk
GB-14530,18,Female,East,4705.32,0.049899540122002733,0,Low Risk
GB-14575,62,Female,East,4716.288,0.32303917218763895,0,Medium Risk
GD-14590,39,Female,East,1888.07,0.4042723055689347,0,Medium Risk
GG-14650,54,Male,South,4448.0,0.07310586076756741,0,Low Risk
GH-14410,59,Male,West,2819.4669999999996,0.058526940615591855,0,Low Risk
GH-14425,50,Male,West,4172.8460000000005,0.37237438395190375,0,Medium Risk
GH-14485,46,Female,Central,1361.2440000000001,0.6147602018927018,1,Medium Risk
GH-14665,49,Female,Central,146.94080000000002,0.6013266325763826,1,Medium Risk
GK-14620,18,Female,West,6497.27,0.09981547737665528,0,Low Risk
GM-14440,22,Male,West,3582.8199999999997,0.15776610925978185,0,Low Risk
GM-14455,54,Female,Central,3078.624,0.2711972096559975,0,Low Risk
GM-14500,62,Male,East,1255.682,0.05911891313277553,0,Low Risk
GM-14680,18,Female,West,3163.628,0.20965075568137376,0,Low Risk
GM-14695,74,Female,West,6049.966,0.38479132928816867,0,Medium Risk
GP-14740,64,Female,East,709.59,0.5513530712544834,1,Medium Risk
GR-14560,28,Female,West,1284.38,0.5376980068083121,1,Medium Risk
GT-14635,38,Female,South,28053.636,0.1013747931214023,0,Low Risk
GT-14710,42,Female,Central,11820.119999999999,0.07218581753689639,0,Low Risk
GT-14755,59,Male,Central,226.436,0.4005553380988222,0,Medium Risk
GW-14605,30,Male,West,2189.019,0.13789668408208652,0,Low Risk
GZ-14470,33,Male,Central,8710.3,0.14752910329217186,0,Low Risk
GZ-14545,53,Female,East,4909.244000000001,0.4462860553874361,0,Medium Risk
HA-14905,58,Male,East,2163.3,0.16760535823490097,0,Low Risk
HA-14920,23,Female,West,5168.316,0.11304014483211704,0,Low Risk
HD-14785,29,Male,East,251.36,0.5032403474346328,1,Medium Risk
HE-14800,57,Female,Central,883.5319999999999,0.40525691742292563,0,Medium Risk
HF-14995,46,Female,Central,2533.1639999999998,0.18482602248316374,0,Low Risk
HG-14845,37,Male,South,785.628,0.2877570178129871,0,Low Risk
HG-14965,24,Male,West,3247.642,0.015679515787334227,0,Low Risk
HG-15025,62,Male,Central,3690.284,0.19591664820438903,0,Low Risk
HH-15010,67,Male,West,218.668,0.4772323845092272,0,Medium Risk
HJ-14875,70,Male,South,716.2,0.24784200327970907,0,Low Risk
HK-14890,44,Male,South,14633.352,0.17850057119974963,0,Low Risk
HL-15040,47,Male,Central,12873.297999999999,0.48302749717388266,0,Medium Risk
HM-14860,50,Male,East,8236.7648,0.09279329115157242,0,Low Risk
HM-14980,43,Female,East,736.276,0.3962363919157055,0,Medium Risk
HP-14815,21,Female,Central,1990.314,0.22402559337803735,0,Low Risk
HR-14770,41,Female,West,1299.288,0.2534771274391389,0,Low Risk
HR-14830,25,Female,West,5248.787,0.17594860477898255,0,Low Risk
HW-14935,40,Female,West,9300.254,0.13885042836945496,0,Low Risk
HZ-14950,31,Female,East,2659.56,0.30683783211940346,0,Medium Risk
IG-15085,42,Female,West,744.574,0.33353900885614113,0,Medium Risk
IL-15100,34,Male,West,5040.736,0.16646198697979003,0,Low Risk
IM-15055,37,Female,West,8617.89,0.5592035156387469,1,Medium Risk
IM-15070,37,Female,West,4930.474,0.1520918454182178,0,Low Risk
JA-15970,44,Male,West,6491.026,0.08758597181904276,0,Low Risk
JB-15400,79,Female,Central,1791.605,0.05893155448977593,0,Low Risk
JB-15925,38,Male,East,1801.104,0.47387700974746017,0,Medium Risk
JB-16000,31,Male,Central,644.1188,0.19795434985160618,0,Low Risk
JB-16045,37,Female,South,7554.345,0.31021887175880264,0,Medium Risk
JC-15340,74,Male,West,71.263,0.2922256571097966,0,Low Risk
JC-15385,18,Female,West,2116.216,0.6718684762438358,1,Medium Risk
JC-15775,55,Male,Central,2772.055,0.09617316804816027,0,Low Risk
JC-16105,47,Female,South,858.576,0.269620198378744,0,Low Risk
JD-15790,49,Female,Central,2152.352,0.3159560906291725,0,Medium Risk
JD-15895,32,Male,East,7610.8640000000005,0.05502025798635501,0,Low Risk
JD-16015,35,Female,Central,385.43,0.26637342445854567,0,Low Risk
JD-16060,37,Female,West,695.442,0.4215805032438349,0,Medium Risk
JD-16150,38,Female,Central,8828.0305,0.18174029153469065,0,Low Risk
JE-15475,43,Male,East,2777.364,0.2506390693058912,0,Low Risk
JE-15610,60,Female,Central,7754.976,0.22516762123718037,0,Low Risk
JE-15715,53,Female,West,8697.842999999999,0.05968923265447855,0,Low Risk
JE-15745,43,Female,South,6760.8150000000005,0.018780824322502603,0,Low Risk
JE-16165,25,Female,Central,8091.744,0.6419861808926004,1,Medium Risk
JF-15190,36,Female,West,2279.5860000000002,0.15157663043499683,0,Low Risk
JF-15295,43,Female,West,955.124,0.25074561630547637,0,Low Risk
JF-15355,28,Male,Central,1911.844,0.27726948304579957,0,Low Risk
JF-15415,71,Female,East,2371.448,0.2200280142771624,0,Low Risk
JF-15490,46,Female,West,1082.918,0.03200625939502046,0,Low Risk
JF-15565,45,Male,Central,4198.332,0.16182977990454028,0,Low Risk
JG-15115,51,Female,West,4717.352,0.47324240034840115,0,Medium Risk
JG-15160,46,Male,West,6366.392,0.04189963074397638,0,Low Risk
JG-15310,51,Female,East,2240.58,0.22655110274320864,0,Low Risk
JG-15805,38,Female,East,1507.018,0.23780820208429096,0,Low Risk
JH-15430,36,Female,South,927.843,0.36697676204834206,0,Medium Risk
JH-15820,39,Male,East,1057.82,0.23525285366851317,0,Low Risk
JH-15910,37,Male,West,959.477,0.13746363780574058,0,Low Risk
JH-15985,45,Female,Central,7954.9980000000005,0.2348966635095022,0,Low Risk
JH-16180,41,Male,West,2256.3940000000002,0.3302960657249176,0,Medium Risk
JJ-15445,37,Female,West,709.178,0.2575701254311346,0,Low Risk
JJ-15760,54,Female,South,780.0,0.5250574317230465,1,Medium Risk
JK-15205,43,Male,West,4427.142,0.29550921321995416,0,Low Risk
JK-15325,63,Female,Central,383.812,0.483775996940961,0,Medium Risk
JK-15370,38,Female,West,5419.264,0.11054190106937078,0,Low Risk
JK-15625,41,Female,West,3760.028,0.15288513198247428,0,Low Risk
JK-15640,43,Female,East,4760.434,0.10544668210780594,0,Low Risk
JK-15730,21,Female,South,4867.2,0.06329033281458807,0,Low Risk
JK-16090,50,Female,Central,3747.668,0.5383859274954668,1,Medium Risk
JK-16120,37,Male,Central,5864.968,0.0764630294394377,0,Low Risk
JL-15130,38,Female,Central,1214.956,0.25528721154622824,0,Low Risk
JL-15175,36,Female,South,6286.092,0.3197569621121322,0,Medium Risk
JL-15235,33,Male,Central,2203.7,0.35080306899474695,0,Medium Risk
JL-15505,67,Female,East,3173.874,0.22493514621517352,0,Low Risk
JL-15835,18,Female,West,9799.923,0.040270372002207164,0,Low Risk
JL-15850,42,Male,East,2725.256,0.2641361078676604,0,Low Risk
JM-15250,43,Male,South,3159.1220000000003,0.21118750133157338,0,Low Risk
JM-15265,55,Female,East,1804.146,0.30816965508290567,0,Medium Risk
JM-15535,41,Female,East,1733.443,0.178856071724592,0,Low Risk
JM-15580,52,Female,South,607.896,0.2676571894418255,0,Low Risk
JM-15655,50,Male,East,864.947,0.3000959710438485,0,Medium Risk
JM-15865,36,Female,East,7625.076000000001,0.22590503953201946,0,Low Risk
JM-16195,31,Female,West,2833.9260000000004,0.05638963848973644,0,Low Risk
JO-15145,35,Male,East,3254.949,0.09928429916751785,0,Low Risk
JO-15280,49,Female,West,1934.272,0.1860837240956809,0,Low Risk
JO-15550,40,Female,East,1090.838,0.31792117452514224,0,Medium Risk
JP-15460,51,Female,East,3338.27,0.18605385415552667,0,Low Risk
JP-15520,50,Female,West,3635.594,0.1449352152637204,0,Low Risk
JP-16135,70,Female,South,5123.13,0.07797661815837036,0,Low Risk
JR-15670,57,Male,East,1156.658,0.5324694926920353,1,Medium Risk
JR-15700,55,Female,South,1727.76,0.6279624340713158,1,Medium Risk
JR-16210,39,Female,East,8806.744,0.39527655367954057,0,Medium Risk
JS-15595,49,Female,West,1417.654,0.3214244888912632,0,Medium Risk
JS-15685,47,Female,West,1131.0639999999999,0.32290688715950866,0,Medium Risk
JS-15880,28,Male,West,3868.02,0.2892026238376893,0,Low Risk
JS-15940,52,Male,Central,469.169,0.314593808904316,0,Medium Risk
JS-16030,32,Male,Central,2516.494,0.25664710436722193,0,Low Risk
JW-15220,48,Male,West,7721.714,0.24998980783382374,0,Low Risk
JW-15955,35,Male,West,1244.086,0.1376339243230915,0,Low Risk
JW-16075,59,Female,East,1428.731,0.38387036685668585,0,Medium Risk
KA-16525,56,Male,West,1519.506,0.12910780730153204,0,Low Risk
KB-16240,65,Female,West,3152.6150000000002,0.13662042314303705,0,Low Risk
KB-16315,48,Male,Central,1569.464,0.09667516313365805,0,Low Risk
KB-16405,45,Female,West,1817.642,0.4309556835428869,0,Medium Risk
KB-16585,45,Female,Central,2744.742,0.0361001511989329,0,Low Risk
KB-16600,64,Female,Central,983.922,0.1805117795023639,0,Low Risk
KC-16255,45,Female,West,2120.954,0.20237326719740634,0,Low Risk
KC-16540,48,Female,West,3908.262,0.35402676807703426,0,Medium Risk
KC-16675,64,Female,West,1146.05,0.3056197744000054,0,Medium Risk
KD-16270,30,Female,South,33129.432,0.5168435883139046,1,Medium Risk
KD-16345,32,Female,West,1888.964,0.20368448736678468,0,Low Risk
KD-16495,27,Male,East,8181.256,0.055085702020260446,0,Low Risk
KD-16615,51,Female,West,2243.5099999999998,0.2607246000857291,0,Low Risk
KE-16420,49,Female,South,3373.4624,0.12018301932890595,0,Low Risk
KF-16285,45,Female,West,10604.266,0.17436559133655036,0,Low Risk
KH-16330,36,Male,South,6625.728,0.1309821519857052,0,Low Risk
KH-16360,37,Male,East,3100.612,0.2565161846543701,0,Low Risk
KH-16510,28,Male,West,5952.859,0.16192493956396564,0,Low Risk
KH-16630,63,Male,Central,3918.9660000000003,0.09924018387554082,0,Low Risk
KH-16690,19,Female,West,5990.799,0.1831270168658357,0,Low Risk
KL-16555,28,Male,West,5016.488,0.10520120776172263,0,Low Risk
KL-16645,36,Female,Central,14175.229000000001,0.042995635315561345,0,Low Risk
KM-16225,56,Female,East,2260.958,0.23353998364026654,0,Low Risk
KM-16375,29,Female,South,11240.372,0.1619403147171103,0,Low Risk
KM-16660,51,Male,South,453.538,0.261708875630741,0,Low Risk
KM-16720,39,Female,West,4909.472,0.11063829162357608,0,Low Risk
KN-16390,59,Female,West,2617.272,0.062223053781665365,0,Low Risk
KN-16450,48,Female,South,4343.924,0.28644105424587263,0,Low Risk
KN-16705,43,Male,West,2280.58,0.10089095019235556,0,Low Risk
KS-16300,33,Female,West,88.472,0.433028263927314,0,Medium Risk
KT-16465,61,Female,West,3057.1,0.13066040820064395,0,Low Risk
KT-16480,48,Male,East,4642.088400000001,0.06262158816622583,0,Low Risk
KW-16435,50,Female,East,4416.5199999999995,0.36571516885948074,0,Medium Risk
KW-16570,42,Female,South,449.096,0.35253161305041936,0,Medium Risk
LA-16780,60,Female,Central,8673.222,0.06398151677925577,0,Low Risk
LB-16735,61,Male,Central,50.188,0.4941488017230537,0,Medium Risk
LB-16795,42,Male,Central,4704.304,0.1410031162177728,0,Low Risk
LC-16870,47,Female,West,5161.408,0.09173797251140649,0,Low Risk
LC-16885,38,Female,West,22989.378,0.050733021048093456,0,Low Risk
LC-16930,53,Female,Central,4492.946,0.13879579408882167,0,Low Risk
LC-16960,43,Female,South,6493.252,0.39215959228203784,0,Medium Risk
LC-17050,54,Female,West,2095.064,0.24806874426750666,0,Low Risk
LC-17140,82,Male,Central,2633.582,0.08442011410670963,0,Low Risk
LD-16855,18,Male,Central,5.304,0.722843779262635,1,High Risk
LD-17005,59,Female,West,1961.934,0.3235994776841713,0,Medium Risk
LE-16810,38,Male,West,1469.45,0.19817067636909352,0,Low Risk
LF-17185,42,Female,South,3930.5089999999996,0.08974641533584773,0,Low Risk
LH-16750,46,Female,South,287.426,0.4507899813884488,0,Medium Risk
LH-16900,45,Male,East,4590.664,0.10351640202433525,0,Low Risk
LH-17020,69,Female,East,954.717,0.34135037996491413,0,Medium Risk
LH-17155,35,Male,West,1739.689,0.07321746562470849,0,Low Risk
LL-16840,46,Male,East,5482.407999999999,0.262836856766593,0,Low Risk
LM-17065,18,Female,East,5387.096,0.3274698814388695,0,Medium Risk
LO-17170,27,Female,West,644.35,0.2744052436993176,0,Low Risk
LP-17080,43,Male,West,756.606,0.32881006508639354,0,Medium Risk
LP-17095,38,Male,South,7306.798,0.17478097010393276,0,Low Risk
LR-16915,46,Male,West,5142.892,0.2020148727557042,0,Low Risk
LR-17035,41,Female,East,1879.306,0.2978461939031469,0,Low Risk
LS-16945,65,Female,East,2845.27,0.2075470448278169,0,Low Risk
LS-16975,30,Male,West,2988.674,0.07872271450770352,0,Low Risk
LS-17200,37,Female,Central,1010.2560000000001,0.26789647868391725,0,Low Risk
LS-17230,43,Female,East,737.76,0.4834264747453933,0,Medium Risk
LS-17245,37,Male,Central,1008.1360000000001,0.2673042575953101,0,Low Risk
LT-16765,44,Female,West,329.876,0.4179676192187804,0,Medium Risk
LT-17110,60,Male,West,8808.756,0.10910805000078252,0,Low Risk
LW-16825,48,Male,South,2238.061,0.27249233202720097,0,Low Risk
LW-16990,25,Male,West,3230.308,0.22028753477947183,0,Low Risk
LW-17125,57,Female,East,1259.04,0.4663479656596881,0,Medium Risk
LW-17215,29,Male,West,10841.028,0.19408961865154234,0,Low Risk
MA-17560,64,Female,Central,4299.161,0.05298761674566544,0,Low Risk
MA-17995,27,Female,East,2453.284,0.2515588052868311,0,Low Risk
MB-17305,61,Male,East,1548.702,0.05828775594169134,0,Low Risk
MB-18085,47,Male,East,1428.231,0.17085403678596225,0,Low Risk
MC-17275,34,Female,South,5451.964,0.131220186218439,0,Low Risk
MC-17425,48,Male,South,4432.138,0.33762181132008917,0,Medium Risk
MC-17575,69,Male,East,1303.893,0.11433109375630335,0,Low Risk
MC-17590,59,Female,East,2426.067,0.22574412215948292,0,Low Risk
MC-17605,70,Female,Central,2258.192,0.12499395797881581,0,Low Risk
MC-17635,48,Female,Central,795.154,0.401861103640835,0,Medium Risk
MC-17845,66,Female,South,11417.142,0.18989377379830927,0,Low Risk
MC-18100,40,Female,Central,2218.98,0.07149674776999203,0,Low Risk
MC-18130,30,Female,South,3163.996,0.2933814788268001,0,Low Risk
MD-17350,41,Female,South,7532.764,0.14909912647529824,0,Low Risk
MD-17860,51,Female,Central,1204.91,0.3261078322464422,0,Medium Risk
ME-17320,40,Male,South,31991.184,0.1540623029505907,0,Low Risk
ME-17725,59,Female,West,3816.9064,0.09292015289289499,0,Low Risk
ME-18010,46,Female,West,1256.944,0.3275239040651346,0,Medium Risk
MF-17665,77,Male,East,937.039,0.25331833947140914,0,Low Risk
MF-18250,38,Female,West,1758.3,0.2673075181418102,0,Low Risk
MG-17650,34,Female,East,3785.276,0.1865446549071455,0,Low Risk
MG-17680,46,Female,East,4700.376,0.3961641268822127,0,Medium Risk
MG-17695,30,Female,East,1342.282,0.48879123955032194,0,Medium Risk
MG-17875,39,Female,East,1242.8329999999999,0.2962644977643577,0,Low Risk
MG-17890,30,Female,East,776.384,0.09463796086275456,0,Low Risk
MG-18145,57,Male,East,3061.543,0.37230413070915536,0,Medium Risk
MG-18205,37,Female,South,33.478,0.6519385048812192,1,Medium Risk
MH-17290,44,Male,West,2394.025,0.1871076812947028,0,Low Risk
MH-17440,37,Male,East,400.016,0.3956069896299907,0,Medium Risk
MH-17455,31,Female,South,4912.3640000000005,0.1340557085408112,0,Low Risk
MH-17620,26,Female,West,1252.8,0.35619062890576747,0,Medium Risk
MH-17785,26,Female,East,2203.7780000000002,0.18871221062257207,0,Low Risk
MH-18025,37,Female,West,2984.948,0.2723425108234885,0,Low Risk
MH-18115,36,Female,East,5503.093,0.09497986486290125,0,Low Risk
MJ-17740,56,Female,West,6320.746,0.15361079655657853,0,Low Risk
MK-17905,47,Male,East,2302.368,0.11682121164777719,0,Low Risk
MK-18160,28,Female,South,2063.204,0.3903570463106364,0,Medium Risk
ML-17395,31,Female,West,2722.843,0.08138547064099225,0,Low Risk
ML-17410,38,Female,East,8764.5,0.23575302388341887,0,Low Risk
ML-17755,53,Male,South,2071.9139999999998,0.15102703775919768,0,Low Risk
ML-18040,56,Female,West,742.082,0.4108177770056568,0,Medium Risk
ML-18265,46,Female,West,162.232,0.5007602963189075,1,Medium Risk
MM-17260,43,Female,East,2628.0460000000003,0.40535465196598885,0,Medium Risk
MM-17920,51,Female,West,3794.0800000000004,0.03242680377504957,0,Low Risk
MM-18055,34,Female,West,2749.881,0.09399495270271524,0,Low Risk
MM-18280,34,Female,Central,1550.828,0.10396622568609847,0,Low Risk
MN-17935,37,Female,Central,2477.946,0.27483735796526,0,Low Risk
MO-17500,59,Female,East,922.487,0.37379420543986575,0,Medium Risk
MO-17800,59,Female,East,1687.0269999999998,0.1163540130695182,0,Low Risk
MO-17950,49,Male,Central,154.288,0.6077012414751196,1,Medium Risk
MP-17470,58,Male,East,3206.132,0.17343185079792695,0,Low Risk
MP-17965,51,Male,East,7967.284000000001,0.10880196151825368,0,Low Risk
MP-18175,34,Female,West,5087.92,0.0747712194550291,0,Low Risk
MR-17545,54,Male,East,639.178,0.384008347037428,0,Medium Risk
MS-17365,47,Female,Central,7443.6900000000005,0.08040029358518704,0,Low Risk
MS-17530,46,Female,West,475.65599999999995,0.32513765317499077,0,Medium Risk
MS-17710,37,Male,West,1613.402,0.20057961613784386,0,Low Risk
MS-17770,40,Male,East,3144.678,0.09285859961446324,0,Low Risk
MS-17830,50,Male,Central,370.348,0.41101892100889487,0,Medium Risk
MS-17980,45,Male,Central,855.116,0.2523493020282704,0,Low Risk
MT-17815,40,Female,West,2890.139,0.2017886143469319,0,Low Risk
MT-18070,62,Female,West,1319.4498,0.30796132953314365,0,Medium Risk
MV-17485,51,Male,South,3120.1,0.07978206161460923,0,Low Risk
MV-18190,19,Female,East,1734.574,0.19419772566416021,0,Low Risk
MW-18220,38,Male,East,5341.900000000001,0.20962570388590485,0,Low Risk
MW-18235,77,Male,South,5253.876,0.5676953335501089,1,Medium Risk
MY-17380,62,Male,West,2254.285,0.1335756505248774,0,Low Risk
MY-18295,52,Female,Central,4152.696,0.044352552705993475,0,Low Risk
MZ-17335,43,Female,West,593.606,0.3247528395083526,0,Medium Risk
MZ-17515,39,Female,West,2564.906,0.216640706267542,0,Low Risk
NB-18580,58,Female,East,273.87199999999996,0.5537297364673953,1,Medium Risk
NB-18655,32,Male,Central,1972.599,0.10596320584377598,0,Low Risk
NC-18340,44,Female,Central,2461.404,0.34772705164409057,0,Medium Risk
NC-18415,30,Female,South,4437.9800000000005,0.1164375282910751,0,Low Risk
NC-18535,50,Female,Central,8241.739,0.2245325007385929,0,Low Risk
NC-18625,37,Female,West,3643.484,0.23779939983376738,0,Low Risk
ND-18370,50,Female,South,8652.278,0.08587870501298125,0,Low Risk
ND-18460,51,Female,South,2893.455,0.20933224491674493,0,Low Risk
NF-18385,56,Male,South,24968.478,0.07318914208476986,0,Low Risk
NF-18475,30,Female,Central,377.16200000000003,0.44375986128336686,0,Medium Risk
NF-18595,34,Female,East,2031.472,0.18579028616045556,0,Low Risk
NG-18355,36,Male,East,1869.58,0.323615872359803,0,Medium Risk
NG-18430,33,Female,East,1395.9379999999999,0.32180473872904936,0,Medium Risk
NH-18610,18,Male,Central,2673.29,0.2301198157353449,0,Low Risk
NK-18490,59,Female,West,572.048,0.12573429917512788,0,Low Risk
NL-18310,65,Female,West,1418.0900000000001,0.31015323293412167,0,Medium Risk
NM-18445,53,Female,East,6459.344,0.24014216972103422,0,Low Risk
NM-18520,61,Female,West,2161.979,0.050102896240518585,0,Low Risk
NP-18325,28,Female,South,5529.62,0.2565390580126892,0,Low Risk
NP-18670,34,Male,Central,3908.402,0.36070720614493246,0,Medium Risk
NP-18685,23,Female,East,1228.698,0.2696729507864247,0,Low Risk
NP-18700,43,Male,West,7903.1825,0.15509835904409355,0,Low Risk
NR-18550,62,Male,Central,4734.554,0.31351117125117783,0,Medium Risk
NS-18505,40,Male,Central,2575.863,0.4277584432078157,0,Medium Risk
NS-18640,62,Female,Central,2964.823,0.020294979179868985,0,Low Risk
NW-18400,22,Female,West,7234.014,0.17918633882281673,0,Low Risk
NZ-18565,27,Male,East,7464.93,0.11894786850714899,0,Low Risk
ON-18715,23,Female,Central,1567.52,0.10720759248200258,0,Low Risk
OT-18730,41,Male,West,3818.624,0.22683570801753083,0,Low Risk
PA-19060,38,Female,Central,729.408,0.2652575856958846,0,Low Risk
PB-18805,55,Female,West,740.356,0.407410679870651,0,Medium Risk
PB-19105,41,Female,Central,688.324,0.4307607892280507,0,Medium Risk
PB-19150,33,Male,West,1456.95,0.10488378297062462,0,Low Risk
PB-19210,36,Female,Central,132.738,0.6125276080598634,1,Medium Risk
PC-18745,46,Male,West,1832.064,0.3404065070279161,0,Medium Risk
PC-19000,39,Female,West,1061.488,0.5053584404228039,1,Medium Risk
PF-19120,33,Male,West,9062.864,0.32441683628514767,0,Medium Risk
PF-19165,45,Male,Central,5540.0,0.2641860255671069,0,Low Risk
PF-19225,55,Male,West,2206.1279999999997,0.2538157833531318,0,Low Risk
PG-18820,21,Female,West,3086.907,0.018166028506495537,0,Low Risk
PG-18895,65,Female,Central,3974.328,0.09712609496537247,0,Low Risk
PH-18790,37,Female,South,729.648,0.6427855037694716,1,Medium Risk
PJ-18835,39,Male,South,1220.09,0.11548430526747369,0,Low Risk
PJ-19015,66,Female,West,1824.2340000000002,0.13226565660960438,0,Low Risk
PK-18910,48,Male,East,1441.152,0.5481947944940487,1,Medium Risk
PK-19075,36,Male,Central,8646.934,0.04993047985619149,0,Low Risk
PL-18925,23,Male,Central,239.481,0.358780876744312,0,Medium Risk
PM-18940,39,Female,Central,4216.206,0.5437170289654097,1,Medium Risk
PM-19135,41,Male,Central,4115.662,0.44795034654463745,0,Medium Risk
PN-18775,32,Male,East,1467.152,0.13326465879079416,0,Low Risk
PO-18850,49,Male,East,7473.8282,0.04354698460554269,0,Low Risk
PO-18865,29,Male,Central,2493.214,0.2094718168380451,0,Low Risk
PO-19180,61,Female,Central,4893.043,0.10774263572353163,0,Low Risk
PO-19195,58,Male,Central,1056.858,0.31426733413777386,0,Medium Risk
PP-18955,66,Male,South,14505.216,0.08211441149614253,0,Low Risk
PR-18880,62,Male,West,1840.178,0.23726099025270664,0,Low Risk
PS-18760,44,Male,West,2181.479,0.1844638984051375,0,Low Risk
PS-18970,29,Male,Central,1278.639,0.14719094072554076,0,Low Risk
PS-19045,49,Female,South,6843.634,0.18948615442532998,0,Low Risk
PT-19090,52,Male,Central,160.572,0.4162162745483766,0,Medium Risk
PV-18985,53,Male,West,2876.046,0.25397811712088947,0,Low Risk
PW-19030,58,Male,South,10364.748,0.07494541742665803,0,Low Risk
PW-19240,42,Female,West,7844.83,0.2043373225070638,0,Low Risk
QJ-19255,61,Female,Central,6108.338,0.1101441407393934,0,Low Risk
RA-19285,50,Male,East,2617.906,0.09255436297942204,0,Low Risk
RA-19885,46,Female,West,3832.314,0.160075535893153,0,Low Risk
RA-19915,40,Male,Central,4793.543,0.108304805382523,0,Low Risk
RA-19945,19,Female,West,1686.9225,0.26740090106043857,0,Low Risk
RB-19330,29,Male,East,1008.1959999999999,0.5979469592962785,1,Medium Risk
RB-19360,32,Male,East,45352.017,0.9424690647589848,1,High Risk
RB-19435,49,Female,Central,2663.0860000000002,0.1434261791997189,0,Low Risk
RB-19465,32,Female,Central,4715.466,0.039927526040179184,0,Low Risk
RB-19570,73,Male,Central,1585.638,0.3044491485312657,0,Medium Risk
RB-19645,75,Female,West,221.084,0.2178615586233514,0,Low Risk
RB-19705,39,Male,West,2067.45,0.34289081682163763,0,Medium Risk
RB-19795,39,Female,South,5633.316000000001,0.10535967215398871,0,Low Risk
RC-19825,62,Male,Central,966.409,0.23302282157961565,0,Low Risk
RC-19960,28,Female,East,2657.256,0.24776144845888284,0,Low Risk
RD-19480,26,Male,West,4272.93,0.11329309369204796,0,Low Risk
RD-19585,35,Male,South,5825.7880000000005,0.07076134276765107,0,Low Risk
RD-19660,50,Female,Central,2786.632,0.3527305427491256,0,Medium Risk
RD-19720,62,Female,South,1419.737,0.04948156084613709,0,Low Risk
RD-19810,22,Female,West,1137.616,0.11213000568170058,0,Low Risk
RD-19900,49,Female,West,3133.924,0.06972183161891628,0,Low Risk
RD-19930,43,Male,Central,970.9420000000001,0.43003144545997357,0,Medium Risk
RE-19405,50,Female,East,96.72,0.6590006516613442,1,Medium Risk
RE-19450,29,Male,Central,876.696,0.35483272781484454,0,Medium Risk
RF-19345,50,Male,East,6618.3,0.1480425213208643,0,Low Risk
RF-19735,61,Male,Central,2341.2960000000003,0.18832390229984003,0,Low Risk
RF-19840,36,Female,East,945.222,0.12982058539436137,0,Low Risk
RH-19495,55,Female,Central,7242.752,0.3653590264281093,0,Medium Risk
RH-19510,43,Male,East,6979.18,0.2753051036342824,0,Low Risk
RH-19555,33,Female,South,740.382,0.572322872089855,1,Medium Risk
RH-19600,24,Female,South,4171.4800000000005,0.4890741833922234,0,Medium Risk
RK-19300,52,Female,East,1460.192,0.4782772638441863,0,Medium Risk
RL-19615,28,Male,South,6234.91,0.12966419451574976,0,Low Risk
RM-19375,40,Female,Central,1453.474,0.2660840142974195,0,Low Risk
RM-19675,42,Female,South,11958.192000000001,0.4335696726044724,0,Medium Risk
RM-19750,46,Female,East,98.35,0.6550637956016823,1,Medium Risk
RO-19780,42,Female,South,3815.478,0.1280991934215616,0,Low Risk
RP-19270,43,Female,West,954.6452,0.3301786184023682,0,Medium Risk
RP-19390,67,Female,East,5153.084,0.02871482677305614,0,Low Risk
RP-19855,29,Male,Central,2170.716,0.15911993905007502,0,Low Risk
RR-19315,39,Male,West,615.932,0.5179404561881032,1,Medium Risk
RR-19525,78,Female,East,3302.2619999999997,0.21744260265512314,0,Low Risk
RS-19420,62,Male,West,3221.29,0.2466966966672169,0,Low Risk
RS-19765,77,Female,East,4159.7699999999995,0.12647241888561037,0,Low Risk
RS-19870,28,Female,Central,66.98400000000001,0.6215044617653156,1,Medium Risk
RW-19540,24,Female,West,7397.401,0.19042612681168533,0,Low Risk
RW-19630,52,Female,Central,3279.746,0.104596304380795,0,Low Risk
RW-19690,32,Female,South,6991.292,0.3414731542472276,0,Medium Risk
SA-20830,38,Female,Central,4767.3415,0.08008685657027392,0,Low Risk
SB-20170,32,Female,East,1348.02,0.5067196418115003,1,Medium Risk
SB-20185,37,Female,East,19232.988,0.3542445420665264,0,Medium Risk
SB-20290,27,Male,Central,8057.891,0.15635427295640167,0,Low Risk
SC-20020,45,Male,Central,3362.9636,0.3230842950503221,0,Medium Risk
SC-20050,73,Male,East,4624.572,0.09018727091796114,0,Low Risk
SC-20095,46,Female,West,42427.002,0.653423267112777,1,Medium Risk
SC-20230,55,Male,Central,8743.916000000001,0.4500740082613584,0,Medium Risk
SC-20260,45,Female,West,3729.7929999999997,0.10748863473302285,0,Low Risk
SC-20305,63,Male,Central,3979.065,0.182579286004462,0,Low Risk
SC-20380,33,Female,West,5992.536,0.0769243148196896,0,Low Risk
SC-20440,63,Male,West,3749.9959999999996,0.14201020265337666,0,Low Risk
SC-20575,27,Male,Central,902.7280000000001,0.36325540215082663,0,Medium Risk
SC-20680,27,Male,South,3763.92,0.25064423946712167,0,Low Risk
SC-20695,43,Male,South,2576.408,0.0590401568675478,0,Low Risk
SC-20725,32,Female,East,10452.42,0.07291249066633432,0,Low Risk
SC-20770,45,Male,South,8985.314,0.1291482277806175,0,Low Risk
SC-20800,18,Female,Central,279.25600000000003,0.4517121254655555,0,Medium Risk
SC-20845,54,Female,Central,280.632,0.6007210260171392,1,Medium Risk
SD-20485,53,Female,East,6121.114,0.11494657778181033,0,Low Risk
SE-20110,23,Male,East,12209.438000000002,0.077396814631742,0,Low Risk
SF-20065,37,Female,East,763.5459999999999,0.1774704562278687,0,Low Risk
SF-20200,62,Female,West,3422.7859999999996,0.06461290833380869,0,Low Risk
SF-20965,45,Male,Central,3336.535,0.10836307309065385,0,Low Risk
SG-20080,27,Female,Central,3406.5809999999997,0.5588425185041742,1,Medium Risk
SG-20470,47,Male,East,1884.798,0.11815643793269154,0,Low Risk
SG-20605,43,Female,East,3124.832,0.24380969463130542,0,Low Risk
SG-20890,59,Female,Central,47.946,0.5021501414927383,1,Medium Risk
SH-19975,54,Female,West,3406.8395,0.01621466985123455,0,Low Risk
SH-20395,34,Female,South,4361.436,0.05447865412389452,0,Low Risk
SH-20635,69,Male,South,6289.176,0.5487947143434613,1,Medium Risk
SJ-20125,45,Male,East,3949.656,0.031024319260671545,0,Low Risk
SJ-20215,38,Female,Central,1341.036,0.2650621690995096,0,Low Risk
SJ-20500,45,Male,Central,1318.776,0.3303621717246989,0,Medium Risk
SK-19990,48,Female,East,2650.227,0.5037206966003659,1,Medium Risk
SL-20155,18,Male,South,6106.024,0.20038850128417698,0,Low Risk
SM-20005,18,Male,East,244.49399999999997,0.42894799510247394,0,Medium Risk
SM-20320,50,Female,South,50086.1,0.1980724837562225,0,Low Risk
SM-20905,40,Female,East,2086.082,0.6608406885464623,1,Medium Risk
SM-20950,41,Female,South,5563.392,0.028915479541434926,0,Low Risk
SN-20560,41,Male,West,1860.418,0.16987864654684345,0,Low Risk
SN-20710,18,Female,Central,3127.9592,0.2242024467440843,0,Low Risk
SO-20335,64,Female,South,2602.5755,0.1848143637393433,0,Low Risk
SP-20545,57,Female,East,1306.086,0.21633486446793632,0,Low Risk
SP-20620,24,Female,East,5440.319,0.09545646413182693,0,Low Risk
SP-20650,52,Female,West,1872.4360000000001,0.06737924925130047,0,Low Risk
SP-20860,48,Male,East,4282.94,0.06725404900974376,0,Low Risk
SP-20920,58,Female,West,3990.689,0.1792737579652215,0,Low Risk
SR-20425,31,Male,West,6466.962,0.10599436424432168,0,Low Risk
SR-20740,50,Male,East,4345.8859999999995,0.159647066335683,0,Low Risk
SS-20140,32,Male,East,1324.028,0.134873720160059,0,Low Risk
SS-20410,39,Female,West,3056.8070000000002,0.1673572673831953,0,Low Risk
SS-20515,25,Male,South,1226.8,0.4817158396535535,0,Medium Risk
SS-20590,55,Female,West,418.49,0.1727183747285129,0,Low Risk
SS-20875,33,Male,Central,964.636,0.3436855218317976,0,Medium Risk
ST-20530,70,Male,East,433.34000000000003,0.15316757009210158,0,Low Risk
SU-20665,25,Female,South,7786.092000000001,0.23055915024030918,0,Low Risk
SV-20365,50,Male,East,22941.9,0.09827471826907684,0,Low Risk
SV-20785,58,Female,West,4105.305,0.06909830338183748,0,Low Risk
SV-20815,28,Male,Central,1271.0900000000001,0.4531835461535362,0,Medium Risk
SV-20935,59,Female,East,1903.491,0.11682714067904915,0,Low Risk
SW-20245,44,Female,West,1085.078,0.13535089496126365,0,Low Risk
SW-20275,41,Male,South,5899.95,0.23760946760814117,0,Low Risk
SW-20350,45,Male,Central,1019.044,0.5184769270230849,1,Medium Risk
SW-20455,56,Female,South,2921.544,0.15746496546332267,0,Low Risk
SW-20755,59,Female,East,758.6959999999999,0.554976058264861,1,Medium Risk
SZ-20035,37,Female,West,3625.329,0.036814284877416406,0,Low Risk
TA-21385,40,Male,East,14595.62,0.6137267695197735,1,Medium Risk
TB-21055,33,Male,East,2935.762,0.34403307560030094,0,Medium Risk
TB-21175,40,Female,Central,3589.296,0.45887971114551535,0,Medium Risk
TB-21190,50,Male,South,1632.3480000000002,0.35417221928350956,0,Medium Risk
TB-21250,49,Male,East,1602.376,0.1748527091814999,0,Low Risk
TB-21280,46,Female,East,2198.45,0.24180523518055597,0,Low Risk
TB-21355,47,Female,East,834.328,0.305834502470765,0,Medium Risk
TB-21400,32,Male,West,9133.99,0.2175159165770957,0,Low Risk
TB-21520,56,Male,East,4737.486,0.06584817840965775,0,Low Risk
TB-21595,18,Female,Central,4162.677000000001,0.3560457198253606,0,Medium Risk
TB-21625,52,Female,Central,2797.668,0.09988992728674892,0,Low Risk
TC-20980,30,Male,West,19052.218,0.6571557657050128,1,Medium Risk
TC-21145,25,Male,East,3114.78,0.7139096476094595,1,High Risk
TC-21295,54,Female,West,4266.812,0.10107578798135816,0,Low Risk
TC-21475,40,Male,South,3734.928,0.08421793915980508,0,Low Risk
TC-21535,42,Female,South,1485.116,0.15890890436319727,0,Low Risk
TD-20995,52,Female,East,1434.5480000000002,0.08587908425207123,0,Low Risk
TG-21310,24,Male,West,3058.372,0.29991891403949367,0,Low Risk
TG-21640,62,Male,West,4149.322,0.3351589817821768,0,Medium Risk
TH-21100,49,Male,West,2422.824,0.24361018032990883,0,Low Risk
TH-21115,56,Male,East,2942.772,0.369174683083043,0,Medium Risk
TH-21235,43,Male,Central,1022.201,0.1392269460158903,0,Low Risk
TH-21550,35,Female,East,4234.0960000000005,0.16125494055745007,0,Low Risk
TM-21010,30,Female,West,2955.2259999999997,0.1107101773703245,0,Low Risk
TM-21490,23,Male,Central,1094.6779999999999,0.5486735495971897,1,Medium Risk
TN-21040,38,Female,West,3130.221,0.12564634266477784,0,Low Risk
TP-21130,36,Female,East,4454.0560000000005,0.10829835531837691,0,Low Risk
TP-21415,42,Female,West,5329.0048,0.23223408294978648,0,Low Risk
TP-21565,56,Female,West,3873.2799999999997,0.32888833356488334,0,Medium Risk
TR-21325,21,Female,East,675.9419999999999,0.3317201088266995,0,Medium Risk
TS-21085,61,Male,West,4.833,0.5122879081445096,1,Medium Risk
TS-21160,39,Male,East,2163.6240000000003,0.24661875568881003,0,Low Risk
TS-21205,55,Male,East,5371.09,0.18617445110332353,0,Low Risk
TS-21340,29,Female,Central,974.7819999999999,0.3456477333486177,0,Medium Risk
TS-21370,24,Female,East,11891.751,0.3469038684476323,0,Medium Risk
TS-21430,25,Female,West,2054.14,0.2735783859306085,0,Low Risk
TS-21505,43,Female,South,8973.096,0.21443774910986976,0,Low Risk
TS-21610,37,Female,West,2820.424,0.13827697708332085,0,Low Risk
TS-21655,41,Female,Central,3368.094,0.3465583617593075,0,Medium Risk
TT-21070,53,Female,West,4915.602,0.1447621109933145,0,Low Risk
TT-21220,36,Female,Central,1427.0439999999999,0.14937147580621016,0,Low Risk
TT-21265,41,Female,West,439.5,0.41676275596679146,0,Medium Risk
TT-21460,56,Female,Central,10729.616,0.2514059712366676,0,Low Risk
TW-21025,59,Female,West,5278.826,0.1402883230303082,0,Low Risk
TZ-21580,59,Female,West,3414.572,0.32676107389291026,0,Medium Risk
VB-21745,55,Female,South,6016.788,0.23089753481526928,0,Low Risk
VD-21670,18,Female,South,25769.016,0.5125625385863535,1,Medium Risk
VF-21715,43,Male,Central,2543.832,0.31696563586245546,0,Medium Risk
VG-21790,18,Male,West,846.01,0.20887446552725492,0,Low Risk
VG-21805,53,Female,South,427.372,0.2563095306705534,0,Low Risk
VM-21685,29,Male,East,2454.866,0.19450481232355163,0,Low Risk
VM-21835,70,Male,East,761.38,0.2793961695464459,0,Low Risk
VP-21730,30,Female,West,993.9019999999999,0.43504871756608887,0,Medium Risk
VP-21760,45,Male,West,3360.526,0.11532403301664404,0,Low Risk
VS-21820,54,Female,West,1055.981,0.320537545514975,0,Medium Risk
VT-21700,51,Male,East,1736.596,0.5691709344865855,1,Medium Risk
VW-21775,56,Female,East,6134.0380000000005,0.05097443959471867,0,Low Risk
WB-21850,39,Female,East,6160.102,0.050880536717191165,0,Low Risk
XP-21865,70,Female,West,2374.658,0.031039725425414194,0,Low Risk
YC-21895,39,Male,West,5454.35,0.30265509454902856,0,Medium Risk
YS-21880,49,Male,South,20161.332,0.24583665683270017,0,Low Risk
ZC-21910,45,Female,West,16051.414,0.011961887383490681,0,Low Risk
ZD-21925,41,Male,West,1493.944,0.2583512625791406,0,Low Risk
